2025-07-02T07:57:23Z,House Set to Vote on Tax Megabill. It’s a Test of Trump’s GOP Stranglehold
2025-07-02T07:57:19Z,"Stock Market Today: Dow, S&P 500, Nasdaq Set to Open Up; Trump Tariffs, Tesla Deliveries Could Derail Rally; Wolfspeed, Nvidia, More Movers"
2025-07-02T07:57:16Z,DWS venture gets German finance regulator's approval for euro stablecoin
2025-07-02T07:57:12Z,Weaker US dollar creates additional hurdle for exporters
2025-07-02T07:57:01Z,Senate passes Trump's policy bill; ADP report ahead - what's moving markets
2025-07-02T07:56:59Z,"Pinion Investment Advisors LLC Purchases 13,833 Shares of Amazon.com, Inc. (NASDAQ:AMZN)"
2025-07-02T07:56:59Z,"Amazon.com, Inc. (NASDAQ:AMZN) Stock Position Lifted by MEAG MUNICH ERGO Kapitalanlagegesellschaft mbH"
2025-07-02T07:56:59Z,"Sfm LLC Makes New $5.80 Million Investment in Amazon.com, Inc. (NASDAQ:AMZN)"
2025-07-02T07:56:58Z,Market Rally Back On as Trump Spending Bill Squeezes Through. How Tariff Talks Could Derail Stocks
2025-07-02T07:56:58Z,"Partners Wealth Management LLC Acquires 210 Shares of Amazon.com, Inc. (NASDAQ:AMZN)"
2025-07-02T07:57:23Z,House Set to Vote on Tax Megabill. It’s a Test of Trump’s GOP Stranglehold
2025-07-02T07:57:19Z,"Stock Market Today: Dow, S&P 500, Nasdaq Set to Open Up; Trump Tariffs, Tesla Deliveries Could Derail Rally; Wolfspeed, Nvidia, More Movers"
2025-07-02T07:57:16Z,DWS venture gets German finance regulator's approval for euro stablecoin
2025-07-02T07:57:12Z,Weaker US dollar creates additional hurdle for exporters
2025-07-02T07:57:01Z,Senate passes Trump's policy bill; ADP report ahead - what's moving markets
2025-07-02T07:56:59Z,"Pinion Investment Advisors LLC Purchases 13,833 Shares of Amazon.com, Inc. (NASDAQ:AMZN)"
2025-07-02T07:56:59Z,"Amazon.com, Inc. (NASDAQ:AMZN) Stock Position Lifted by MEAG MUNICH ERGO Kapitalanlagegesellschaft mbH"
2025-07-02T07:56:59Z,"Sfm LLC Makes New $5.80 Million Investment in Amazon.com, Inc. (NASDAQ:AMZN)"
2025-07-02T07:56:58Z,Market Rally Back On as Trump Spending Bill Squeezes Through. How Tariff Talks Could Derail Stocks
2025-07-02T07:56:58Z,"Partners Wealth Management LLC Acquires 210 Shares of Amazon.com, Inc. (NASDAQ:AMZN)"
2025-07-09T17:38:33Z,Connecticut city named ‘hottest housing market’ in the US: ConsumerAffairs
2025-07-09T17:38:05Z,Tesla investors ask board to set date for overdue annual shareholder meeting
2025-07-09T17:38:01Z,WGA East Leaves Elon Musk’s X Following “Racist And Antisemitic Language” From AI Tool Grok
2025-07-09T17:38:01Z,Microsoft Touts $500 Million in AI Savings While Slashing Jobs
2025-07-09T17:37:29Z,How To Diversify Financially As A Small Business Owner
2025-07-09T17:36:57Z,Papaya and Worksome Partner to Facilitate Global Contingent Workforce Payments
2025-07-09T17:36:02Z,Linda Yaccarino departs as boss of Musk's X
2025-07-09T17:36:00Z,My Favorite White Tank Is the Cheapest I've Ever Seen Thanks to Prime Day
2025-07-09T17:35:35Z,A cheaper Apple Vision is still a few years away
2025-07-09T17:38:33Z,Connecticut city named ‘hottest housing market’ in the US: ConsumerAffairs
2025-07-09T17:38:05Z,Tesla investors ask board to set date for overdue annual shareholder meeting
2025-07-09T17:38:01Z,WGA East Leaves Elon Musk’s X Following “Racist And Antisemitic Language” From AI Tool Grok
2025-07-09T17:38:01Z,Microsoft Touts $500 Million in AI Savings While Slashing Jobs
2025-07-09T17:37:29Z,How To Diversify Financially As A Small Business Owner
2025-07-09T17:36:57Z,Papaya and Worksome Partner to Facilitate Global Contingent Workforce Payments
2025-07-09T17:36:02Z,Linda Yaccarino departs as boss of Musk's X
2025-07-09T17:36:00Z,My Favorite White Tank Is the Cheapest I've Ever Seen Thanks to Prime Day
2025-07-09T17:35:35Z,A cheaper Apple Vision is still a few years away
2025-07-09T17:38:33Z,Connecticut city named ‘hottest housing market’ in the US: ConsumerAffairs
2025-07-09T17:38:05Z,Tesla investors ask board to set date for overdue annual shareholder meeting
2025-07-09T17:38:01Z,WGA East Leaves Elon Musk’s X Following “Racist And Antisemitic Language” From AI Tool Grok
2025-07-09T17:38:01Z,Microsoft Touts $500 Million in AI Savings While Slashing Jobs
2025-07-09T17:37:29Z,How To Diversify Financially As A Small Business Owner
2025-07-09T17:36:57Z,Papaya and Worksome Partner to Facilitate Global Contingent Workforce Payments
2025-07-09T17:36:02Z,Linda Yaccarino departs as boss of Musk's X
2025-07-09T17:36:00Z,My Favorite White Tank Is the Cheapest I've Ever Seen Thanks to Prime Day
2025-07-09T17:35:35Z,A cheaper Apple Vision is still a few years away
2025-07-09T17:38:33Z,Connecticut city named ‘hottest housing market’ in the US: ConsumerAffairs
2025-07-09T17:38:05Z,Tesla investors ask board to set date for overdue annual shareholder meeting
2025-07-09T17:38:01Z,WGA East Leaves Elon Musk’s X Following “Racist And Antisemitic Language” From AI Tool Grok
2025-07-09T17:38:01Z,Microsoft Touts $500 Million in AI Savings While Slashing Jobs
2025-07-09T17:37:29Z,How To Diversify Financially As A Small Business Owner
2025-07-09T17:36:57Z,Papaya and Worksome Partner to Facilitate Global Contingent Workforce Payments
2025-07-09T17:36:02Z,Linda Yaccarino departs as boss of Musk's X
2025-07-09T17:36:00Z,My Favorite White Tank Is the Cheapest I've Ever Seen Thanks to Prime Day
2025-07-09T17:35:35Z,A cheaper Apple Vision is still a few years away
2025-07-09T17:38:33Z,Connecticut city named ‘hottest housing market’ in the US: ConsumerAffairs
2025-07-09T17:38:05Z,Tesla investors ask board to set date for overdue annual shareholder meeting
2025-07-09T17:38:01Z,WGA East Leaves Elon Musk’s X Following “Racist And Antisemitic Language” From AI Tool Grok
2025-07-09T17:38:01Z,Microsoft Touts $500 Million in AI Savings While Slashing Jobs
2025-07-09T17:37:29Z,How To Diversify Financially As A Small Business Owner
2025-07-09T17:36:57Z,Papaya and Worksome Partner to Facilitate Global Contingent Workforce Payments
2025-07-09T17:36:02Z,Linda Yaccarino departs as boss of Musk's X
2025-07-09T17:36:00Z,My Favorite White Tank Is the Cheapest I've Ever Seen Thanks to Prime Day
2025-07-09T17:35:35Z,A cheaper Apple Vision is still a few years away
